question_id,question,SQL
1,Please list the lowest three eligible free rates for students aged 5-17 in continuation schools.,SELECT `Free Meal Count (Ages 5-17)` / `Enrollment (Ages 5-17)` FROM frpm WHERE `Educational Option Type` = 'Continuation School' AND `Free Meal Count (Ages 5-17)` / `Enrollment (Ages 5-17)` IS NOT NULL ORDER BY `Free Meal Count (Ages 5-17)` / `Enrollment (Ages 5-17)` ASC LIMIT 3
2,Please list the zip code of all the charter schools in Fresno County Office of Education.,SELECT T2.Zip FROM frpm AS T1 INNER JOIN schools AS T2 ON T1.CDSCode = T2.CDSCode WHERE T1.`District Name` = 'Fresno County Office of Education' AND T1.`Charter School (Y/N)` = 1
4,Please list the phone numbers of the direct charter-funded schools that are opened after 2000/1/1.,SELECT T2.Phone FROM frpm AS T1 INNER JOIN schools AS T2 ON T1.CDSCode = T2.CDSCode WHERE T1.`Charter Funding Type` = 'Directly funded' AND T1.`Charter School (Y/N)` = 1 AND T2.OpenDate > '2000-01-01'
5,How many schools with an average score in Math greater than 400 in the SAT test are exclusively virtual?,SELECT COUNT(DISTINCT T2.School) FROM satscores AS T1 INNER JOIN schools AS T2 ON T1.cds = T2.CDSCode WHERE T2.Virtual = 'F' AND T1.AvgScrMath > 400
9,"Among the schools with the average score in Math over 560 in the SAT test, how many schools are directly charter-funded?",SELECT COUNT(T2.`School Code`) FROM satscores AS T1 INNER JOIN frpm AS T2 ON T1.cds = T2.CDSCode WHERE T1.AvgScrMath > 560 AND T2.`Charter Funding Type` = 'Directly funded'
11,Please list the codes of the schools with a total enrollment of over 500.,SELECT T2.CDSCode FROM schools AS T1 INNER JOIN frpm AS T2 ON T1.CDSCode = T2.CDSCode WHERE T2.`Enrollment (K-12)` + T2.`Enrollment (Ages 5-17)` > 500
15,Which active district has the highest average score in Reading?,SELECT T1.District FROM schools AS T1 INNER JOIN satscores AS T2 ON T1.CDSCode = T2.cds WHERE T1.StatusType = 'Active' ORDER BY T2.AvgScrRead DESC LIMIT 1
17,"Rank schools by their average score in Writing where the score is greater than 499, showing their charter numbers.","SELECT CharterNum, AvgScrWrite, RANK() OVER (ORDER BY AvgScrWrite DESC) AS WritingScoreRank FROM schools AS T1  INNER JOIN satscores AS T2 ON T1.CDSCode = T2.cds WHERE T2.AvgScrWrite > 499 AND CharterNum is not null"
18,How many schools in Fresno (directly funded) have number of test takers not more than 250?,SELECT COUNT(T1.CDSCode) FROM frpm AS T1 INNER JOIN satscores AS T2 ON T1.CDSCode = T2.cds WHERE T1.`Charter Funding Type` = 'Directly funded' AND T1.`County Name` = 'Fresno' AND T2.NumTstTakr <= 250
19,What is the phone number of the school that has the highest average score in Math?,SELECT T1.Phone FROM schools AS T1 INNER JOIN satscores AS T2 ON T1.CDSCode = T2.cds ORDER BY T2.AvgScrMath DESC LIMIT 1
20,How many schools in Amador which the Low Grade is 9 and the High Grade is 12?,SELECT COUNT(T1.`School Name`) FROM frpm AS T1 INNER JOIN schools AS T2 ON T1.CDSCode = T2.CDSCode WHERE T2.County = 'Amador' AND T1.`Low Grade` = 9 AND T1.`High Grade` = 12
22,Which school in Contra Costa has the highest number of test takers?,SELECT sname FROM satscores WHERE cname = 'Contra Costa' AND sname IS NOT NULL ORDER BY NumTstTakr DESC LIMIT 1
24,Give the names of the schools with the percent eligible for free meals in K-12 is more than 0.1 and test takers whose test score is greater than or equal to 1500?,SELECT T2.`School Name` FROM satscores AS T1 INNER JOIN frpm AS T2 ON T1.cds = T2.CDSCode WHERE CAST(T2.`Free Meal Count (K-12)` AS REAL) / T2.`Enrollment (K-12)` > 0.1 AND T1.NumGE1500 > 0
25,"Name schools in Riverside which the average of average math score for SAT is grater than 400, what is the funding type of these schools?","SELECT T1.sname, T2.`Charter Funding Type` FROM satscores AS T1 INNER JOIN frpm AS T2 ON T1.cds = T2.CDSCode WHERE T2.`District Name` LIKE 'Riverside%' GROUP BY T1.sname, T2.`Charter Funding Type` HAVING CAST(SUM(T1.AvgScrMath) AS REAL) / COUNT(T1.cds) > 400"
27,"What is the average score in writing for the schools that were opened after 1991 or closed before 2000? List the school names along with the score. Also, list the communication number of the schools if there is any.","SELECT T2.School, T1.AvgScrWrite, T2.Phone FROM schools AS T2 LEFT JOIN satscores AS T1 ON T2.CDSCode = T1.cds WHERE strftime('%Y', T2.OpenDate) > '1991' OR strftime('%Y', T2.ClosedDate) < '2000'"
28,"Consider the average difference between K-12 enrollment and 15-17 enrollment of schools that are locally funded, list the names and DOC type of schools which has a difference above this average.","SELECT T2.School, T2.DOC FROM frpm AS T1 INNER JOIN schools AS T2 ON T1.CDSCode = T2.CDSCode WHERE T2.FundingType = 'Locally funded' AND (T1.`Enrollment (K-12)` - T1.`Enrollment (Ages 5-17)`) > (SELECT AVG(T3.`Enrollment (K-12)` - T3.`Enrollment (Ages 5-17)`) FROM frpm AS T3 INNER JOIN schools AS T4 ON T3.CDSCode = T4.CDSCode WHERE T4.FundingType = 'Locally funded')"
29,When did the first-through-twelfth-grade school with the largest enrollment open?,SELECT T2.OpenDate FROM frpm AS T1 INNER JOIN schools AS T2 ON T1.CDSCode = T2.CDSCode ORDER BY T1.`Enrollment (K-12)` DESC LIMIT 1
32,What is the eligible free or reduced price meal rate for the top 5 schools in grades 1-12 with the highest free or reduced price meal count of the schools with the ownership code 66?,SELECT CAST(T1.`FRPM Count (K-12)` AS REAL) / T1.`Enrollment (K-12)` FROM frpm AS T1 INNER JOIN schools AS T2 ON T1.CDSCode = T2.CDSCode WHERE T2.SOC = 66 ORDER BY T1.`FRPM Count (K-12)` DESC LIMIT 5
37,"What is the complete address of the school with the lowest excellence rate? Indicate the Street, City, Zip and State.","SELECT T2.Street, T2.City, T2.State, T2.Zip FROM satscores AS T1 INNER JOIN schools AS T2 ON T1.cds = T2.CDSCode ORDER BY CAST(T1.NumGE1500 AS REAL) / T1.NumTstTakr ASC LIMIT 1"
41,List the names of virtual schools that are among the top 5 in their respective counties based on average reading scores.,"SELECT School FROM (SELECT T2.School,T1.AvgScrRead, RANK() OVER (PARTITION BY T2.County ORDER BY T1.AvgScrRead DESC) AS rnk FROM satscores AS T1 INNER JOIN schools AS T2 ON T1.cds = T2.CDSCode WHERE T2.Virtual = 'F' ) ranked_schools WHERE rnk <= 5"
43,"What is the average math score of the school with the lowest average score for all subjects, and in which county is it located?","SELECT T1.AvgScrMath, T2.County FROM satscores AS T1 INNER JOIN schools AS T2 ON T1.cds = T2.CDSCode WHERE T1.AvgScrMath IS NOT NULL ORDER BY T1.AvgScrMath + T1.AvgScrRead + T1.AvgScrWrite ASC LIMIT 1"
46,Which state special schools have the highest number of enrollees from grades 1 through 12?,SELECT T2.School FROM frpm AS T1 INNER JOIN schools AS T2 ON T1.CDSCode = T2.CDSCode WHERE T2.DOC = 31 ORDER BY T1.`Enrollment (K-12)` DESC LIMIT 1
48,What is the ratio of merged Unified School District schools in Orange County to merged Elementary School District schools?,SELECT CAST(SUM(CASE WHEN DOC = 54 THEN 1 ELSE 0 END) AS REAL) / SUM(CASE WHEN DOC = 52 THEN 1 ELSE 0 END) FROM schools WHERE StatusType = 'Merged' AND County = 'Orange'
49,Which different county has the most number of closed schools? Please provide the name of each school as well as the closure date.,"SELECT DISTINCT County, School, ClosedDate FROM schools WHERE County = ( SELECT County FROM schools WHERE StatusType = 'Closed' GROUP BY County ORDER BY COUNT(School) DESC LIMIT 1 ) AND StatusType = 'Closed' AND school IS NOT NULL"
53,How many test takers are there at the school/s whose mailing city address is in Fresno?,SELECT T1.NumTstTakr FROM satscores AS T1 INNER JOIN schools AS T2 ON T1.cds = T2.CDSCode WHERE T2.MailCity = 'Fresno'
54,Please specify all of the schools and their related mailing zip codes that are under Avetik Atoian's administration.,"SELECT School, MailZip FROM schools WHERE AdmFName1 = 'Avetik' AND AdmLName1 = 'Atoian'"
58,What is the phone number and extension number for the school with the zip code 95203-3704? Indicate the school's name.,"SELECT Phone, Ext, School FROM schools WHERE Zip = '95203-3704'"
60,What are the websites for all the partially virtual chartered schools located in San Joaquin?,SELECT Website FROM schools WHERE County = 'San Joaquin' AND Virtual = 'P' AND Charter = 1
62,What is the total number of non-chartered schools in the county of Los Angeles with a percent (%) of eligible free meals for grades 1 through 12 that is less than 0.18%?,SELECT COUNT(T2.School) FROM frpm AS T1 INNER JOIN schools AS T2 ON T1.CDSCode = T2.CDSCode WHERE T2.County = 'Los Angeles' AND T2.Charter = 0 AND CAST(T1.`Free Meal Count (K-12)` AS REAL) * 100 / T1.`Enrollment (K-12)` < 0.18
65,What is the ratio in percentage of Santa Clara County schools that are locally funded compared to all other types of charter school funding?,SELECT CAST(SUM(CASE WHEN FundingType = 'Locally funded' THEN 1 ELSE 0 END) AS REAL) * 100 / SUM(CASE WHEN FundingType != 'Locally funded' THEN 1 ELSE 0 END) FROM schools WHERE County = 'Santa Clara' AND Charter = 1
70,How many active and closed District Community Day Schools are there in the county of Alpine?,SELECT COUNT(School) FROM schools WHERE (StatusType = 'Closed' OR StatusType = 'Active') AND SOC = 69 AND County = 'Alpine'
71,What is the district code for the School that does not offer a magnet program in the city of Fresno?,SELECT T1.`District Code` FROM frpm AS T1 INNER JOIN schools AS T2 ON T1.CDSCode = T2.CDSCode WHERE T2.City = 'Fresno' AND T2.Magnet = 0
72,How many students from the ages of 5 to 17 are enrolled at the State Special School school in Fremont for the 2014-2015 academic year?,SELECT T1.`Enrollment (Ages 5-17)` FROM frpm AS T1 INNER JOIN schools AS T2 ON T1.CDSCode = T2.CDSCode WHERE T2.EdOpsCode = 'SSS' AND T2.City = 'Fremont' AND T1.`Academic Year` BETWEEN 2014 AND 2015
73,What is the free or reduced price meal count for ages 5 to 17 in the Youth Authority School with a mailing street address of PO Box 1040?,SELECT T1.`FRPM Count (Ages 5-17)` FROM frpm AS T1 INNER JOIN schools AS T2 ON T1.CDSCode = T2.CDSCode WHERE T2.MailStreet = 'PO Box 1040' AND T2.SOCType = 'Youth Authority Facilities'
74,What is the lowest grade for the District Special Education Consortia School with National Center for Educational Statistics school district identification number of 0613360?,SELECT MIN(T1.`Low Grade`) FROM frpm AS T1 INNER JOIN schools AS T2 ON T1.CDSCode = T2.CDSCode WHERE T2.NCESDist = '0613360' AND T2.EdOpsCode = 'SPECON'
76,What is the city location of the high school level school with Lunch Provision 2 whose lowest grade is 9 and the highest grade is 12 in the county of Merced?,SELECT T2.City FROM frpm AS T1 INNER JOIN schools AS T2 ON T1.CDSCode = T2.CDSCode WHERE T1.`NSLP Provision Status` = 'Lunch Provision 2' AND T2.County = 'Merced' AND T1.`Low Grade` = 9 AND T1.`High Grade` = 12 AND T2.EILCode = 'HS'
77,Which schools served a grade span of Kindergarten to 9th grade in the county of Los Angeles and what is its Percent (%) Eligible FRPM (Ages 5-17)?,"SELECT T2.School, T1.`FRPM Count (Ages 5-17)` * 100 / T1.`Enrollment (Ages 5-17)` FROM frpm AS T1 INNER JOIN schools AS T2 ON T1.CDSCode = T2.CDSCode WHERE T2.County = 'Los Angeles' AND T2.GSserved = 'K-9'"
78,What is the most common type of grade span served in the city of Adelanto?,SELECT GSserved FROM schools WHERE City = 'Adelanto' GROUP BY GSserved ORDER BY COUNT(GSserved) DESC LIMIT 1
79,"Between San Diego and Santa Barbara, which county offers the most number of schools that does not offer physical building? Indicate the amount.","SELECT County, COUNT(Virtual) FROM schools WHERE (County = 'San Diego' OR County = 'Santa Barbara') AND Virtual = 'F' GROUP BY County ORDER BY COUNT(Virtual) DESC LIMIT 1"
81,In which city can you find the school in the state of California with the lowest latitude coordinates and what is its lowest grade? Indicate the school name.,"SELECT T2.City, T1.`Low Grade`, T1.`School Name` FROM frpm AS T1 INNER JOIN schools AS T2 ON T1.CDSCode = T2.CDSCode WHERE T2.State = 'CA' ORDER BY T2.Latitude ASC LIMIT 1"
82,What is the grade span offered in the school with the highest longitude?,SELECT GSoffered FROM schools ORDER BY ABS(longitude) DESC LIMIT 1
83,"Of the schools that offers a magnet program serving a grade span of Kindergarten to 8th grade, how many offers Multiple Provision Types? List the number of cities that offers a Kindergarten to 8th grade span and indicate how many schools are there serving such grade span for each city.","SELECT T2.City, COUNT(T2.CDSCode) FROM frpm AS T1 INNER JOIN schools AS T2 ON T1.CDSCode = T2.CDSCode WHERE T2.Magnet = 1 AND T2.GSoffered = 'K-8' AND T1.`NSLP Provision Status` = 'Multiple Provision Types' GROUP BY T2.City"
84,What are the two most common first names among the school administrators? Indicate the district to which they administer.,"SELECT DISTINCT T1.AdmFName1, T1.District FROM schools AS T1 INNER JOIN ( SELECT admfname1 FROM schools GROUP BY admfname1 ORDER BY COUNT(admfname1) DESC LIMIT 2 ) AS T2 ON T1.AdmFName1 = T2.admfname1"
86,"What is the administrator's last name that oversees the school with Charter number 40? Indicate the district, the county where the school is situated, and the name of the school.","SELECT AdmLName1, District, County, School FROM schools WHERE CharterNum = '0040'"
